[
  {
    "id": "xb",
    "name": "Xenia Breddin",
    "bio": "Das ist ein Test."
  },
  {
    "id": "fb",
    "name": "Fran Bormann",
    "bio": "Das ist ein Test."
  },
  {
    "id": "sc",
    "name": "Sebastian Christe",
    "bio": "Das ist ein Test."
  },
  {
    "id": "sg",
    "name": "Sandro Glück",
    "bio": "Das ist ein Test."
  },
  {
    "id": "bh",
    "name": "Breddy Hörstrup",
    "bio": "Das ist ein Test."
  },
  {
    "id": "nk",
    "name": "Niklas Kunz",
    "bio": "Das ist ein Test."
  },
  {
    "id": "pm",
    "name": "Patrick Müller",
    "bio": "Das ist ein Test."
  },
  {
    "id": "ms",
    "name": "Marie Schröter",
    "bio": "Auch ein Test."
  },
  {
    "id": "dwa",
    "name": "Dirk Wacker",
    "bio": "Auch ein Test."
  },
  {
    "id": "nw",
    "name": "Nadine Wegner",
    "bio": "Auch ein Test."
  },
  {
    "id": "dwe",
    "name": "Daniel Weimert",
    "bio": "Auch ein Test."
  }
]

